Full Name,Address,Phone Number,Date of Birth,Email Address
John Doe,123 Main St, Springfield, IL 62704,555-123-4567,1985-04-23,johndoe@email.com
Jane Smith,456 Oak Ave, Madison, WI 53703,555-987-6543,1990-11-10,janesmith@email.com
Michael Johnson,789 Pine Rd, Austin, TX 73301,555-555-1212,1978-07-15,michael.johnson@email.com
Emily Lee,321 Maple Dr, Seattle, WA 98101,555-222-3333,1995-02-01,emily.lee@email.com
David Brown,202 Birch St, Miami, FL 33101,555-444-5555,1982-09-30,david.brown@email.com
Sophia Garcia,555 Elm Ct, Denver, CO 80203,555-666-7777,1988-12-19,sophia.garcia@email.com
William Martinez,777 Cedar Blvd, Phoenix, AZ 85001,555-888-9999,1993-06-05,william.martinez@email.com
Olivia Wilson,888 Spruce Ln, Boston, MA 02101,555-111-2222,1986-03-17,olivia.wilson@email.com
James Anderson,333 Willow Pkwy, Portland, OR 97201,555-333-4444,1975-08-09,james.anderson@email.com
Chloe Thomas,444 Aspen Cir, Chicago, IL 60601,555-999-8888,1998-10-26,chloe.thomas@email.com
Noah Harris,159 Ash St, Dallas, TX 75201,555-987-1111,1979-05-12,noah.harris@email.com
Liam Campbell,852 Walnut Ave, Houston, TX 77002,555-234-5678,1983-08-23,liam.campbell@email.com
Ava Nelson,695 Poplar Dr, Orlando, FL 32801,555-123-7890,1991-07-15,ava.nelson@email.com
Mason Clark,431 Chestnut Pl, Los Angeles, CA 90001,555-876-5432,1987-09-05,mason.clark@email.com
Charlotte Lewis,374 Holly Ct, San Diego, CA 92101,555-909-1010,1994-05-22,charlotte.lewis@email.com
Elijah Walker,206 Hickory St, Nashville, TN 37201,555-212-1212,1981-12-03,elijah.walker@email.com
Amelia Hall,983 Magnolia Blvd, Raleigh, NC 27601,555-314-1592,1992-06-08,amelia.hall@email.com
Benjamin Adams,294 Palm Ln, Columbus, OH 43201,555-271-8282,1986-10-14,ben.adams@email.com
Mia Wright,817 Redwood Cir, Sacramento, CA 94203,555-363-6363,1994-01-19,mia.wright@email.com
Lucas King,526 Cypress Dr, Atlanta, GA 30301,555-828-2828,1977-11-22,lucas.king@email.com
Ella Scott,158 Pineapple Ave, Charlotte, NC 28202,555-424-2442,1989-02-22,ella.scott@email.com
Henry Green,497 Bayberry Rd, Salt Lake City, UT 84101,555-656-5656,1976-10-04,henry.green@email.com
Grace Perez,811 Waterfall St, Kansas City, MO 64101,555-777-4444,1995-04-26,grace.perez@email.com
Sebastian Rivera,273 Buttercup Ln, Las Vegas, NV 89101,555-232-3232,1982-12-29,sebastian.rivera@email.com
Zoe Murphy,690 Jasmine Dr, Richmond, VA 23220,555-900-1119,1993-10-14,zoe.murphy@email.com
Jack Evans,845 Dogwood Ter, San Francisco, CA 94101,555-199-9191,1974-08-19,jack.evans@email.com
Lily Cook,102 Sunrise Blvd, Jacksonville, FL 32202,555-313-1313,1988-07-21,lily.cook@email.com
Alexander Bailey,305 Sunset Ave, Providence, RI 02903,555-718-2818,1991-04-12,alex.bailey@email.com
Mila Cooper,560 Old Mill Rd, Louisville, KY 40202,555-565-4545,1990-11-07,mila.cooper@email.com
Ethan Turner,117 Golden Gate Way, Omaha, NE 68102,555-119-9119,1979-06-17,ethan.turner@email.com
Avery Mitchell,743 River Bend Rd, Des Moines, IA 50309,555-212-3131,1986-02-10,avery.mitchell@email.com
Samuel Parker,629 Brookside Rd, Tulsa, OK 74103,555-413-1414,1983-05-31,samuel.parker@email.com
Harper Collins,381 Blossom St, Albuquerque, NM 87101,555-929-2929,1989-08-15,harper.collins@email.com
Carter Stewart,454 Lakeview Dr, Milwaukee, WI 53202,555-505-3030,1981-07-27,carter.stewart@email.com
Sofia Morgan,864 Willow Lake Dr, New Orleans, LA 70112,555-656-7878,1992-08-28,sofia.morgan@email.com
Jackson Powell,333 Misty Ln, Cincinnati, OH 45202,555-323-4545,1977-12-02,jackson.powell@email.com
Victoria Foster,142 Autumn Ct, Riverside, CA 92501,555-242-6464,1985-01-25,victoria.foster@email.com
Logan Jenkins,625 River Rock Dr, Cleveland, OH 44114,555-747-4747,1984-03-03,logan.jenkins@email.com
Penelope Simmons,210 Daisy St, Little Rock, AR 72201,555-262-6262,1987-10-28,penelope.simmons@email.com
Matthew Bell,782 Crabapple Ct, Boise, ID 83702,555-383-8383,1978-11-08,matthew.bell@email.com
Layla Kelly,617 Ivy Cir, Oklahoma City, OK 73102,555-929-3939,1993-12-02,layla.kelly@email.com
Jackson Rogers,189 Forest View Dr, Minneapolis, MN 55401,555-555-6767,1981-05-11,jackson.rogers@email.com
Nora Price,731 Goldenrod Dr, Baton Rouge, LA 70801,555-777-9898,1988-03-13,nora.price@email.com
Leo Bennett,293 Morning Glory Ln, Fort Worth, TX 76102,555-808-2020,1979-02-20,leo.bennett@email.com
Scarlett Wood,802 Ocean Blvd, Hartford, CT 06103,555-818-3838,1991-11-04,scarlett.wood@email.com
Julian Richardson,210 Seaside Dr, Honolulu, HI 96813,555-555-8282,1982-09-23,julian.richardson@email.com
Camila Brooks,439 Jasmine Pl, Anchorage, AK 99501,555-848-4747,1987-12-18,camila.brooks@email.com
Wyatt Patterson,175 Redwood Ave, Detroit, MI 48201,555-737-9292,1978-06-15,wyatt.patterson@email.com
Avery Martinez,140 Acorn Pl, Memphis, TN 38103,555-868-2828,1985-10-27,avery.martinez@email.com
Santiago Edwards,816 Parkside Dr, Charlotte, NC 28203,555-919-2929,1986-07-16,santiago.edwards@email.com
Madison Taylor,398 Spruce Ave, Columbus, OH 43215,555-262-1818,1994-12-11,madison.taylor@email.com
Caleb Russell,236 Valley Rd, Lubbock, TX 79401,555-434-7171,1976-11-18,caleb.russell@email.com
Eleanor Griffin,678 Orchard St, Tucson, AZ 85701,555-474-2424,1989-09-28,eleanor.griffin@email.com
Joshua Barnes,821 Pebble Dr, Rochester, NY 14604,555-559-9402,1992-07-29,joshua.barnes@email.com
Hannah Jenkins,420 Harbor View Rd, Bakersfield, CA 93301,555-673-3024,1983-03-30,hannah.jenkins@email.com
Dylan Long,299 Sierra Ct, Mesa, AZ 85201,555-928-5612,1977-04-08,dylan.long@email.com
Aubrey Sanders,953 Bay St, Tampa, FL 33602,555-833-9282,1990-02-16,aubrey.sanders@email.com
Isaac Palmer,167 Sugar Maple Ct, Aurora, CO 80010,555-200-4736,1985-06-19,isaac.palmer@email.com
Claire Fox,807 Park Pl, Arlington, TX 76010,555-314-5864,1993-05-13,claire.fox@email.com
Nathan Hamilton,156 Lakewood Blvd, Wichita, KS 67202,555-418-9376,1982-06-21,nathan.hamilton@email.com
Zoey Graham,669 Garden Path, Sacramento, CA 94204,555-591-3957,1987-11-03,zoey.graham@email.com
Levi West,894 Elmwood Cir, Omaha, NE 68103,555-976-4028,1992-12-30,levi.west@email.com
Aria Mitchell,337 Crystal Dr, Raleigh, NC 27602,555-284-7516,1991-03-25,aria.mitchell@email.com
Gabriel Reid,743 Timber Ln, Tulsa, OK 74104,555-513-4872,1986-07-14,gabriel.reid@email.com
Samantha Hunter,200 Ridge Rd, Fresno, CA 93701,555-102-8463,1988-02-18,samantha.hunter@email.com
Jacob Russell,688 Scenic Ave, Raleigh, NC 27603,555-936-1782,1974-01-05,jacob.russell@email.com
Addison Miles,487 Hidden Creek Dr, Tucson, AZ 85703,555-991-7035,1980-06-02,addison.miles@email.com
Maverick Fisher,155 Spruce Blvd, Augusta, GA 30901,555-205-8493,1979-12-21,maverick.fisher@email.com
Riley Payne,923 Willow Rd, Richmond, VA 23221,555-728-1849,1990-09-08,riley.payne@email.com
Lincoln Foster,373 Cedar Valley Dr, Lincoln, NE 68508,555-289-8475,1981-02-26,lincoln.foster@email.com
Brooklyn Dunn,243 Waterford Dr, St. Paul, MN 55102,555-417-3857,1993-08-16,brooklyn.dunn@email.com
Hunter Porter,814 Cherry Blossom Rd, Orlando, FL 32802,555-715-0932,1982-03-15,hunter.porter@email.com
Savannah Hayes,320 Brookside Pl, Boise, ID 83703,555-928-2910,1988-12-22,savannah.hayes@email.com
Owen Berry,786 Falcon Dr, Greensboro, NC 27401,555-304-9847,1986-05-14,owen.berry@email.com
Layla Woods,114 Sunrise Blvd, Madison, WI 53704,555-103-9384,1991-09-20,layla.woods@email.com
Leo West,592 Aspen Springs Dr, Baton Rouge, LA 70802,555-780-4761,1984-04-12,leo.west@email.com
Audrey Ellis,818 Bayberry Ct, Mesa, AZ 85202,555-109-3827,1980-11-17,audrey.ellis@email.com
Cameron Page,451 Cypress Ave, Modesto, CA 95354,555-390-4821,1995-02-28,cameron.page@email.com
Sofia Chapman,777 Ocean Dr, Charleston, SC 29401,555-812-4902,1986-06-23,sofia.chapman@email.com
Daniel Holland,202 Morningstar Dr, Spokane, WA 99201,555-908-2094,1977-08-25,daniel.holland@email.com
Nora Foster,670 Willow Way, Saint Louis, MO 63101,555-982-3401,1992-07-06,nora.foster@email.com
Jayden Ellis,211 Magnolia Ct, Grand Rapids, MI 49503,555-374-2910,1983-10-20,jayden.ellis@email.com
Lucy Phillips,540 Sunset Ave, Tulsa, OK 74105,555-208-9451,1994-06-10,lucy.phillips@email.com
Easton Myers,150 Crystal Spring Dr, Lexington, KY 40507,555-271-0849,1981-09-13,easton.myers@email.com
Hazel Ortiz,312 Clover Leaf Rd, Reno, NV 89501,555-608-1729,1989-01-18,hazel.ortiz@email.com
Isaiah Griffin,211 Oceanview Blvd, Madison, WI 53705,555-809-2736,1985-05-26,isaiah.griffin@email.com
Luna Webb,889 Amber St, Norfolk, VA 23510,555-128-3467,1995-01-13,luna.webb@email.com
Jackie Knox,555 River Dr, Amarillo, TX 79101,555-847-1629,1978-04-26,jackie.knox@email.com
Madelyn Malone,363 Sprucewood Rd, Hartford, CT 06104,555-672-9140,1992-05-27,madelyn.malone@email.com
Anthony Watson,962 Blueberry Hill Rd, Columbus, OH 43216,555-961-3857,1987-06-14,anthony.watson@email.com
Hailey Levine,746 Fairview Ave, Salt Lake City, UT 84112,555-571-0938,1983-02-09,hailey.levine@email.com
Christian Cobb,505 Oceanview Dr, Fresno, CA 93702,555-302-8572,1980-05-19,christian.cobb@email.com
Ruby Barker,209 Dove Ln, Aurora, CO 80012,555-963-2074,1994-03-30,ruby.barker@email.com
Parker Lambert,630 Paradise Blvd, Henderson, NV 89011,555-294-8403,1982-12-31,parker.lambert@email.com
Alice Franklin,428 Jasmine Dr, Columbus, GA 31901,555-891-0202,1975-09-07,alice.franklin@email.com
Miles Ruiz,133 Thunder Rd, Mobile, AL 36602,555-240-5183,1986-11-16,miles.ruiz@email.com
Peyton Nash,347 Crestview Dr, Salem, OR 97301,555-891-4920,1993-07-02,peyton.nash@email.com
Autumn King,850 Park Valley Dr, Wilmington, DE 19801,555-160-2849,1988-01-05,autumn.king@email.com
Adrian Stevens,236 Ridgeview Ln, Jacksonville, FL 32203,555-393-1827,1991-02-21,adrian.stevens@email.com
Anna Walsh,675 Meadowbrook Ave, Augusta, GA 30902,555-284-3178,1976-07-24,anna.walsh@email.com
Everett Malone,501 Willow Grove Rd, St. Louis, MO 63102,555-893-2051,1985-03-29,everett.malone@email.com
Violet Sherman,901 Bayview Dr, Richmond, VA 23222,555-092-8714,1990-10-04,violet.sherman@email.com
Aaron McGee,314 Cedarwood Ct, Dallas, TX 75202,555-073-4521,1983-09-13,aaron.mcgee@email.com
Kennedy Marsh,532 Garden Grove Rd, Philadelphia, PA 19103,555-984-7031,1978-05-12,kennedy.marsh@email.com